"ID","Type","Name","Documentation","Specialization"
"id-1fcd19988fe5478aabadf625b06d8560","ArchimateModel","Ifood","",""
"id-e032de2a5974469abc341245217807b4","BusinessActor","Cliente","Usuario registrado do sistema.",""
"id-7020266354b1415f9b688dc81ae67f6d","BusinessActor","Restaurante","Empresa que oferece um servico de entrega de comida.",""
"id-6329aa055082454c9380753b46d2afa9","ApplicationInterface","App Mobile","Aplicativo por onde o cliente pode cadastrar-se no sistema, realizar pedidos, pesquisar(pratos, restaurantes, preços e promoções).",""
"id-c8bb65ed6d5c43b1b5c7c066c9722cdf","ApplicationInterface","Application Interface","",""
"id-807bdc1980b642cb8630db463386c5be","ApplicationInterface","Desktop App","Aplicação pela qual o restaurante pode cadastrar-se, recusar pedidos, aceitar pedidos e acessa as informações relevantes para seu negócio(cardápio, pedidos pendentes/entregues, promoções).",""
"id-2ac6a8e65e424b47ae0867a8158bb5d4","ApplicationInterface","Desktop Web","Pagina web por onde o cliente pode cadastrar-se no sistema, realizar pedidos, alterar dados da conta, pesquisar(pratos, restaurantes, preços e promoções).",""
"id-aabd8c1a63ad4115bee7a4298a8f2632","ApplicationService","API","Interface que possibilita o acesso ao sistema.",""
"id-ca22113945d741ec94b40f2a2af9b0ca","ApplicationService","Desktop Web","Pagina web onde o cliente pode requisitar pedidos.",""
"id-9db15f54d30f4cafbf18b132ed3867d5","ApplicationService","Entrega","Sistema que gerencia as entregas dos pedidos.",""
"id-0917e309fb97448db40c275715c6d466","ApplicationService"," NoSQL","Sistema que armazena as informações dos pedidos realizados pelo cliente, promoções, especificações do prato, etc.",""
"id-b60f98dfe21a4e88bd0f5412b1056e7a","ApplicationService","Pedir comida","Conteiner responsável por tratar dos pedidos recebidos, registra no banco NoSQL os dados dos pedidos, informa os restaurantes sobre novos pedidos, lista os pedidos pendentes para os restaurantes, informa para os entregadores sobre novas entregas disponíveis e envia para o Sistema do Cartão de Crédito os dados das transações.",""
"id-a98aaa9d51c546ea94b7b3e8ddcbdfed","ApplicationService","SGBD","Sistema do banco de dados usado para armazenar informações dos restaurantes, clientes, entregadores, etc.",""
"id-cdf9d469dd024a1ca383e621809bcd01","ApplicationService","Sistema Aplicação","Aplicação que possibilita o cliente realizar pedidos para os restaurantes registrados.",""
"id-2926e8e7d79442498018cd8f80ee28a7","ApplicationService","Sistema BackOffice","Realiza as funcoes de suporte do sistema.",""
"id-9935f9752106427e93e77f8aa79620bb","TechnologyService","Sistema do Cartão de Crédito.","Sistema financeiro responsável por debitar o valor do pedido.",""