"ID","Type","Name","Documentation","Source","Target","Specialization"
"id-7d27859afd244e5c8126757108118bbc","CompositionRelationship","","","id-cdf9d469dd024a1ca383e621809bcd01","id-0917e309fb97448db40c275715c6d466",""
"id-0d31602eb21b4334952ced0be82cbb18","CompositionRelationship","","","id-cdf9d469dd024a1ca383e621809bcd01","id-a98aaa9d51c546ea94b7b3e8ddcbdfed",""
"id-57dace64973347be9e665fb46e818f8e","CompositionRelationship","","","id-cdf9d469dd024a1ca383e621809bcd01","id-ca22113945d741ec94b40f2a2af9b0ca",""
"id-afef64e32c584efe8922149e1b87fbf5","CompositionRelationship","","","id-cdf9d469dd024a1ca383e621809bcd01","id-aabd8c1a63ad4115bee7a4298a8f2632",""
"id-060231d3665c4efaac21eb414b308bc6","CompositionRelationship","","","id-cdf9d469dd024a1ca383e621809bcd01","id-b60f98dfe21a4e88bd0f5412b1056e7a",""
"id-9dd0944e7e9b40c0879657d257efb26a","FlowRelationship","Envia requisição para","","id-aabd8c1a63ad4115bee7a4298a8f2632","id-b60f98dfe21a4e88bd0f5412b1056e7a",""
"id-8fe9ba44af3b4f7eb0b088b4ca37c3f6","FlowRelationship","Enviar dados da transação para","","id-cdf9d469dd024a1ca383e621809bcd01","id-9935f9752106427e93e77f8aa79620bb",""
"id-fba4133434754faa82f17699849bf8bc","FlowRelationship","Enviar dados da transação para","","id-b60f98dfe21a4e88bd0f5412b1056e7a","id-9935f9752106427e93e77f8aa79620bb",""
"id-76a8285bf9d245cb90029f913d2b198e","FlowRelationship","Informa","","id-cdf9d469dd024a1ca383e621809bcd01","id-9db15f54d30f4cafbf18b132ed3867d5",""
"id-2f74a3a5af114786a3d9ec87c6909fbd","FlowRelationship","Informa","","id-b60f98dfe21a4e88bd0f5412b1056e7a","id-9db15f54d30f4cafbf18b132ed3867d5",""
"id-bea55c3636e94d9c91d30b0364681f6e","FlowRelationship","Requisita ou transfere dados para","","id-b60f98dfe21a4e88bd0f5412b1056e7a","id-a98aaa9d51c546ea94b7b3e8ddcbdfed",""
"id-c984f5541d2a4a47814cde676805b55a","FlowRelationship","Requisita ou transfere dados para","","id-b60f98dfe21a4e88bd0f5412b1056e7a","id-0917e309fb97448db40c275715c6d466",""
"id-73bc5ed9dfb947ff8d1af07616416ad2","FlowRelationship","Requisição para","","id-2ac6a8e65e424b47ae0867a8158bb5d4","id-aabd8c1a63ad4115bee7a4298a8f2632",""
"id-f253cfe18569415598aa4738c732af4f","FlowRelationship","Requisição para","","id-807bdc1980b642cb8630db463386c5be","id-aabd8c1a63ad4115bee7a4298a8f2632",""
"id-c1ba3ee370054d3697cdc1d98a8fe352","FlowRelationship","Requisição para","","id-6329aa055082454c9380753b46d2afa9","id-aabd8c1a63ad4115bee7a4298a8f2632",""
"id-4711642ae683477ca150f1f09d0b7855","FlowRelationship","Resposta para","","id-a98aaa9d51c546ea94b7b3e8ddcbdfed","id-b60f98dfe21a4e88bd0f5412b1056e7a",""
"id-c465b973b60a4e4a9643336e04ce3b88","FlowRelationship","Resposta para","","id-0917e309fb97448db40c275715c6d466","id-b60f98dfe21a4e88bd0f5412b1056e7a",""
"id-1d649d4d67f7492b9a632b2c1ae2991f","FlowRelationship","Resposta para","","id-b60f98dfe21a4e88bd0f5412b1056e7a","id-aabd8c1a63ad4115bee7a4298a8f2632",""
"id-a55aea72311b44b3b03c26dbeb94f3af","FlowRelationship","Resposta para","","id-aabd8c1a63ad4115bee7a4298a8f2632","id-6329aa055082454c9380753b46d2afa9",""
"id-553c3d41b9fe4521a5dc9617dec75522","FlowRelationship","Resposta para","","id-aabd8c1a63ad4115bee7a4298a8f2632","id-2ac6a8e65e424b47ae0867a8158bb5d4",""
"id-f2c2bc4aab434fde96a3f3caff94c7a3","FlowRelationship","Resposta para","","id-aabd8c1a63ad4115bee7a4298a8f2632","id-807bdc1980b642cb8630db463386c5be",""
"id-46a0b52c60e54e8dbece7af1f917156b","FlowRelationship","Suporta","","id-2926e8e7d79442498018cd8f80ee28a7","id-cdf9d469dd024a1ca383e621809bcd01",""
"id-a42f970f976b44b5a97597c94cdc518a","FlowRelationship","Utiliza","","id-e032de2a5974469abc341245217807b4","id-cdf9d469dd024a1ca383e621809bcd01",""
"id-b63caa777c074ff2900376d6bc1bb330","FlowRelationship","Utiliza","","id-7020266354b1415f9b688dc81ae67f6d","id-cdf9d469dd024a1ca383e621809bcd01",""
"id-796bf245f6524c658b50448569088d31","FlowRelationship","Utiliza","","id-e032de2a5974469abc341245217807b4","id-6329aa055082454c9380753b46d2afa9",""
"id-dcef64769cc44241bb620384e96b8145","FlowRelationship","Utiliza","","id-7020266354b1415f9b688dc81ae67f6d","id-2ac6a8e65e424b47ae0867a8158bb5d4",""
"id-d547dcd867264a478ca9f6013c59b3fa","FlowRelationship","Utiliza","","id-e032de2a5974469abc341245217807b4","id-2ac6a8e65e424b47ae0867a8158bb5d4",""
"id-eceeb0f88a5d439f80748e40b332dcff","FlowRelationship","Utiliza","","id-7020266354b1415f9b688dc81ae67f6d","id-807bdc1980b642cb8630db463386c5be",""